color ,sku
Arena,2249AREN00S
Arena,2249AREN00M
Arena,2249AREN00L
Arena,2249AREN0XL
Arena,2249ARENXXL
Arena,2249AREN3XL
Arena,2249AREN4XL
Azul,2249AZUL00S
Azul,2249AZUL00M
Azul,2249AZUL00L
Azul,2249AZUL0XL
Azul,2249AZULXXL
Azul,2249AZUL3XL
Azul,2249AZUL4XL
Azul Marino,2249AZMA00S
Azul Marino,2249AZMA00M
Azul Marino,2249AZMA00L
Azul Marino,2249AZMA0XL
Azul Marino,2249AZMAXXL
Azul Marino,2249AZMA3XL
Azul Marino,2249AZMA4XL
Blanco,2249BLAN00S
Blanco,2249BLAN00M
Blanco,2249BLAN00L
Blanco,2249BLAN0XL
Blanco,2249BLANXXL
Blanco,2249BLAN3XL
Blanco,2249BLAN4XL
Calipso,2249CALI00S
Calipso,2249CALI00M
Calipso,2249CALI00L
Calipso,2249CALI0XL
Calipso,2249CALIXXL
Calipso,2249CALI3XL
Calipso,2249CALI4XL
Celeste,2249CELE00S
Celeste,2249CELE00M
Celeste,2249CELE00L
Celeste,2249CELE0XL
Celeste,2249CELEXXL
Celeste,2249CELE3XL
Celeste,2249CELE4XL
Damasco,2249DAMA00S
Damasco,2249DAMA00M
Damasco,2249DAMA00L
Damasco,2249DAMA0XL
Damasco,2249DAMAXXL
Damasco,2249DAMA3XL
Damasco,2249DAMA4XL
Royal,2249ROYA00S
Royal,2249ROYA00M
Royal,2249ROYA00L
Royal,2249ROYA0XL
Royal,2249ROYAXXL
Royal,2249ROYA3XL
Royal,2249ROYA4XL
Sandia,2249SAND00S
Sandia,2249SAND00M
Sandia,2249SAND00L
Sandia,2249SAND0XL
Sandia,2249SANDXXL
Sandia,2249SAND3XL
Sandia,2249SAND4XL
Sandia,2249SAND00S
Sandia,2249SAND00M
Sandia,2249SAND00L
Sandia,2249SAND0XL
Sandia,2249SANDXXL
Sandia,2249SAND3XL
Sandia,2249SAND4XL
Turquesa,2249TURQ00S
Turquesa,2249TURQ00M
Turquesa,2249TURQ00L
Turquesa,2249TURQ0XL
Turquesa,2249TURQXXL
Turquesa,2249TURQ3XL
Turquesa,2249TURQ4XL
Caqui,2249CAQU00S
Caqui,2249CAQU00M
Caqui,2249CAQU00L
Caqui,2249CAQU0XL
Caqui,2249CAQUXXL
Caqui,2249CAQU3XL
Caqui,2249CAQU4XL
Indigo,2249INDG00S
Indigo,2249INDG00M
Indigo,2249INDG00L
Indigo,2249INDG0XL
Indigo,2249INDGXXL
Indigo,2249INDG3XL
Indigo,2249INDG4XL
Celeste Mar,2249CEMA00S
Celeste Mar,2249CEMA00M
Celeste Mar,2249CEMA00L
Celeste Mar,2249CEMA0XL
Celeste Mar,2249CEMAXXL
Celeste Mar,2249CEMA3XL
Celeste Mar,2249CEMA4XL
Coral,2249CORA00S
Coral,2249CORA00M
Coral,2249CORA00L
Coral,2249CORA0XL
Coral,2249CORAXXL
Coral,2249CORA3XL
Coral,2249CORA4XL
Crudo,2249CRUD00S
Crudo,2249CRUD00M
Crudo,2249CRUD00L
Crudo,2249CRUD0XL
Crudo,2249CRUDXXL
Crudo,2249CRUD3XL
Crudo,2249CRUD4XL
Calipso Pastel,2249CAPA00S
Calipso Pastel,2249CAPA00M
Calipso Pastel,2249CAPA00L
Calipso Pastel,2249CAPA0XL
Calipso Pastel,2249CAPAXXL
Calipso Pastel,2249CAPA3XL
Calipso Pastel,2249CAPA4XL
Aqua,2249AQUA00S
Aqua,2249AQUA00M
Aqua,2249AQUA00L
Aqua,2249AQUA0XL
Aqua,2249AQUAXXL
Aqua,2249AQUA3XL
Aqua,2249AQUA4XL
Gris Piedra,2249GRPI00S
Gris Piedra,2249GRPI00M
Gris Piedra,2249GRPI00L
Gris Piedra,2249GRPI0XL
Gris Piedra,2249GRPIXXL
Gris Piedra,2249GRPI3XL
Gris Piedra,2249GRPI4XL
Beige,2249BEIG00S
Beige,2249BEIG00M
Beige,2249BEIG00L
Beige,2249BEIG0XL
Beige,2249BEIGXXL
Beige,2249BEIG3XL
Beige,2249BEIG4XL
Verde,2249VERD00S
Verde,2249VERD00M
Verde,2249VERD00L
Verde,2249VERD0XL
Verde,2249VERDXXL
Verde,2249VERD3XL
Verde,2249VERD4XL
Rosa,2249ROSA00S
Rosa,2249ROSA00M
Rosa,2249ROSA00L
Rosa,2249ROSA0XL
Rosa,2249ROSAXXL
Rosa,2249ROSA3XL
Rosa,2249ROSA4XL
Arena,2260AREN00S
Azul,2260AZUL00S
Azul Marino,2260AZMA00S
Blanco,2260BLAN00S
Calipso,2260CALI00S
Celeste,2260CELE00S
Damasco,2260DAMA00S
Royal,2260ROYA00S
Sandia,2260SAND00S
Turquesa,2260TURQ00S
Caqui,2260CAQU00S
Indigo,2260INDG00S
Celeste Mar,2260CEMA00S
Coral,2260CORA00S
Crudo,2260CRUD00S
Calipso Pastel,2260CAPA00S
Aqua,2260AQUA00S
Lila,2260LILA00S
Gris Piedra,2260GRPI00S
Beige,2260BEIG00S
Verde,2260VERD00S
Rosa,2260ROSA00S
Arena,2260AREN00M
Azul,2260AZUL00M
Azul Marino,2260AZMA00M
Blanco,2260BLAN00M
Calipso,2260CALI00M
Celeste,2260CELE00M
Damasco,2260DAMA00M
Royal,2260ROYA00M
Sandia,2260SAND00M
Turquesa,2260TURQ00M
Caqui,2260CAQU00M
Indigo,2260INDG00M
Celeste Mar,2260CEMA00M
Coral,2260CORA00M
Crudo,2260CRUD00M
Calipso Pastel,2260CAPA00M
Aqua,2260AQUA00M
Lila,2260LILA00M
Gris Piedra,2260GRPI00M
Beige,2260BEIG00M
Verde,2260VERD00M
Rosa,2260ROSA00M
Arena,2260AREN00L
Azul,2260AZUL00L
Azul Marino,2260AZMA00L
Blanco,2260BLAN00L
Calipso,2260CALI00L
Celeste,2260CELE00L
Damasco,2260DAMA00L
Royal,2260ROYA00L
Sandia,2260SAND00L
Turquesa,2260TURQ00L
Caqui,2260CAQU00L
Indigo,2260INDG00L
Celeste Mar,2260CEMA00L
Coral,2260CORA00L
Crudo,2260CRUD00L
Calipso Pastel,2260CAPA00L
Aqua,2260AQUA00L
Lila,2260LILA00L
Gris Piedra,2260GRPI00L
Beige,2260BEIG00L
Verde,2260VERD00L
Rosa,2260ROSA00L
Arena,2260AREN0XL
Azul,2260AZUL0XL
Azul Marino,2260AZMA0XL
Blanco,2260BLAN0XL
Calipso,2260CALI0XL
Celeste,2260CELE0XL
Damasco,2260DAMA0XL
Royal,2260ROYA0XL
Sandia,2260SAND0XL
Turquesa,2260TURQ0XL
Caqui,2260CAQU0XL
Indigo,2260INDG0XL
Celeste Mar,2260CEMA0XL
Coral,2260CORA0XL
Crudo,2260CRUD0XL
Calipso Pastel,2260CAPA0XL
Aqua,2260AQUA0XL
Lila,2260LILA0XL
Gris Piedra,2260GRPI0XL
Beige,2260BEIG0XL
Verde,2260VERD0XL
Rosa,2260ROSA0XL
Arena,2260ARENXXL
Azul,2260AZULXXL
Azul Marino,2260AZMAXXL
Blanco,2260BLANXXL
Calipso,2260CALIXXL
Celeste,2260CELEXXL
Damasco,2260DAMAXXL
Royal,2260ROYAXXL
Sandia,2260SANDXXL
Turquesa,2260TURQXXL
Caqui,2260CAQUXXL
Indigo,2260INDGXXL
Celeste Mar,2260CEMAXXL
Coral,2260CORAXXL
Crudo,2260CRUDXXL
Calipso Pastel,2260CAPAXXL
Aqua,2260AQUAXXL
Lila,2260LILAXXL
Gris Piedra,2260GRPIXXL
Beige,2260BEIGXXL
Verde,2260VERDXXL
Rosa,2260ROSAXXL
Arena,2260AREN3XL
Azul,2260AZUL3XL
Azul Marino,2260AZMA3XL
Blanco,2260BLAN3XL
Calipso,2260CALI3XL
Celeste,2260CELE3XL
Damasco,2260DAMA3XL
Royal,2260ROYA3XL
Sandia,2260SAND3XL
Turquesa,2260TURQ3XL
Caqui,2260CAQU3XL
Indigo,2260INDG3XL
Celeste Mar,2260CEMA3XL
Coral,2260CORA3XL
Crudo,2260CRUD3XL
Calipso Pastel,2260CAPA3XL
Aqua,2260AQUA3XL
Lila,2260LILA3XL
Gris Piedra,2260GRPI3XL
Beige,2260BEIG3XL
Verde,2260VERD3XL
Rosa,2260ROSA3XL
Arena,2260AREN4XL
Azul,2260AZUL4XL
Azul Marino,2260AZMA4XL
Blanco,2260BLAN4XL
Calipso,2260CALI4XL
Celeste,2260CELE4XL
Damasco,2260DAMA4XL
Royal,2260ROYA4XL
Sandia,2260SAND4XL
Turquesa,2260TURQ4XL
Caqui,2260CAQU4XL
Indigo,2260INDG4XL
Celeste Mar,2260CEMA4XL
Coral,2260CORA4XL
Crudo,2260CRUD4XL
Calipso Pastel,2260CAPA4XL
Aqua,2260AQUA4XL
Lila,2260LILA4XL
Gris Piedra,2260GRPI4XL
Beige,2260BEIG4XL
Verde,2260VERD4XL
Rosa,2260ROSA4XL
